Year,Life_Expectancy_LR,Life_Expectancy_RF
2025,77.06071211784354,78.60948891488104
2030,78.2718467425849,78.60948891488104
2040,80.69411599206768,78.60948891488104
2050,83.11638524155046,78.60948891488104
