Year,Life_Expectancy_LR,Life_Expectancy_RF
2025,49.58575924273519,57.661690335497845
2030,49.59045597321663,57.661690335497845
2040,49.5998494341795,57.661690335497845
2050,49.60924289514236,57.661690335497845
